{
    "alpha_range": [
        1.0,
        1.1,
        1.2000000000000002,
        1.3000000000000003,
        1.4000000000000004,
        1.5000000000000004,
        1.6000000000000005,
        1.7000000000000006,
        1.8000000000000007,
        1.9000000000000008,
        2.000000000000001,
        2.100000000000001,
        2.200000000000001,
        2.300000000000001,
        2.4000000000000012,
        2.5000000000000013,
        2.6000000000000014,
        2.7000000000000015,
        2.8000000000000016,
        2.9000000000000017
    ],
    "beta_range": [
        1.1,
        1.2000000000000002,
        1.3000000000000003,
        1.4000000000000004,
        1.5000000000000004,
        1.6000000000000005,
        1.7000000000000006,
        1.8000000000000007,
        1.9000000000000008
    ],
    "h_range": [
        0.5
    ],
    "c_range": [
        25
    ],
    "total": [
        10,
        11,
        12,
        13,
        14,
        15,
        16,
        17,
        18,
        19,
        20,
        21,
        22,
        23,
        24,
        25,
        26,
        27,
        28,
        29,
        30,
        31,
        32,
        33,
        34,
        35,
        36,
        37,
        38,
        39
    ],
    "travel_time": "high",
    "param_estimator": "maximum likelihood estimation"
}