{
    "alpha_range": [
        3.0,
        3.1,
        3.2,
        3.3000000000000003,
        3.4000000000000004,
        3.5000000000000004,
        3.6000000000000005,
        3.7000000000000006,
        3.8000000000000007,
        3.900000000000001,
        4.000000000000001,
        4.100000000000001,
        4.200000000000001,
        4.300000000000001,
        4.400000000000001,
        4.500000000000002,
        4.600000000000001,
        4.700000000000001,
        4.800000000000002,
        4.900000000000002
    ],
    "beta_range": [
        1.1,
        1.2000000000000002,
        1.3000000000000003,
        1.4000000000000004,
        1.5000000000000004,
        1.6000000000000005,
        1.7000000000000006,
        1.8000000000000007,
        1.9000000000000008
    ],
    "h_range": [
        0.5
    ],
    "c_range": [
        25
    ],
    "total": [
        10,
        11,
        12,
        13,
        14,
        15,
        16,
        17,
        18,
        19,
        20,
        21,
        22,
        23,
        24,
        25,
        26,
        27,
        28,
        29
    ],
    "travel_time": "mid",
    "param_estimator": "maximum likelihood estimation"
}