{
    "alpha_range": [
        0.1,
        0.2,
        0.30000000000000004,
        0.4,
        0.5,
        0.6000000000000001,
        0.7000000000000001,
        0.8,
        0.9
    ],
    "beta_range": [
        1.1,
        1.2000000000000002,
        1.3000000000000003,
        1.4000000000000004,
        1.5000000000000004,
        1.6000000000000005,
        1.7000000000000006,
        1.8000000000000007,
        1.9000000000000008
    ],
    "h_range": [
        0.5
    ],
    "c_range": [
        25
    ],
    "total": [
        10,
        11,
        12,
        13,
        14,
        15,
        16,
        17,
        18,
        19,
        20,
        21,
        22,
        23,
        24,
        25,
        26,
        27,
        28,
        29,
        30,
        31,
        32,
        33,
        34,
        35,
        36,
        37,
        38,
        39
    ],
    "travel_time": "uniform",
    "param_estimator": "maximum likelihood estimation"
}