{
    "alpha_range": [
        0.1,
        0.2,
        0.30000000000000004,
        0.4,
        0.5,
        0.6000000000000001,
        0.7000000000000001,
        0.8,
        0.9,
        1.0,
        1.1,
        1.2000000000000002,
        1.3,
        1.4000000000000001,
        1.5,
        1.6,
        1.7000000000000002,
        1.8,
        1.9000000000000001,
        2.0,
        2.1,
        2.2,
        2.3000000000000003,
        2.4000000000000004,
        2.5,
        2.6,
        2.7,
        2.8000000000000003,
        2.9000000000000004
    ],
    "beta_range": [
        3.0,
        3.1,
        3.2,
        3.3000000000000003,
        3.4000000000000004,
        3.5000000000000004,
        3.6000000000000005,
        3.7000000000000006,
        3.8000000000000007,
        3.900000000000001,
        4.000000000000001,
        4.100000000000001,
        4.200000000000001,
        4.300000000000001,
        4.400000000000001,
        4.500000000000002,
        4.600000000000001,
        4.700000000000001,
        4.800000000000002,
        4.900000000000002
    ],
    "h_range": [
        0.5
    ],
    "c_range": [
        25
    ],
    "total": [
        10,
        11,
        12,
        13,
        14,
        15,
        16,
        17,
        18,
        19,
        20,
        21,
        22,
        23,
        24,
        25,
        26,
        27,
        28,
        29,
        30,
        31,
        32,
        33,
        34,
        35,
        36,
        37,
        38,
        39
    ],
    "travel_time": "high",
    "param_estimator": "maximum likelihood estimation"
}