{
    "alpha_range": [
        1.1,
        1.2000000000000002,
        1.3000000000000003,
        1.4000000000000004,
        1.5000000000000004,
        1.6000000000000005,
        1.7000000000000006,
        1.8000000000000007,
        1.9000000000000008,
        2.000000000000001,
        2.100000000000001,
        2.200000000000001,
        2.300000000000001,
        2.4000000000000012,
        2.5000000000000013,
        2.6000000000000014,
        2.7000000000000015,
        2.8000000000000016,
        2.9000000000000017,
        3.0000000000000018,
        3.100000000000002,
        3.200000000000002,
        3.300000000000002,
        3.400000000000002,
        3.500000000000002,
        3.6000000000000023,
        3.7000000000000024,
        3.8000000000000025,
        3.9000000000000026,
        4.000000000000003,
        4.100000000000003,
        4.200000000000003,
        4.3000000000000025,
        4.400000000000003,
        4.5000000000000036,
        4.600000000000003,
        4.700000000000003,
        4.800000000000003,
        4.900000000000004,
        5.0000000000000036,
        5.100000000000003,
        5.200000000000004,
        5.300000000000004,
        5.400000000000004,
        5.5000000000000036,
        5.600000000000004,
        5.700000000000005,
        5.800000000000004,
        5.900000000000004
    ],
    "beta_range": [
        1.1,
        1.2000000000000002,
        1.3000000000000003,
        1.4000000000000004,
        1.5000000000000004,
        1.6000000000000005,
        1.7000000000000006,
        1.8000000000000007,
        1.9000000000000008,
        2.000000000000001,
        2.100000000000001,
        2.200000000000001,
        2.300000000000001,
        2.4000000000000012,
        2.5000000000000013,
        2.6000000000000014,
        2.7000000000000015,
        2.8000000000000016,
        2.9000000000000017,
        3.0000000000000018,
        3.100000000000002,
        3.200000000000002,
        3.300000000000002,
        3.400000000000002,
        3.500000000000002,
        3.6000000000000023,
        3.7000000000000024,
        3.8000000000000025,
        3.9000000000000026
    ],
    "h_range": [
        0.5
    ],
    "c_range": [
        25
    ],
    "total": [
        10,
        11,
        12,
        13,
        14,
        15,
        16,
        17,
        18,
        19,
        20,
        21,
        22,
        23,
        24,
        25,
        26,
        27,
        28,
        29,
        30,
        31,
        32,
        33,
        34,
        35,
        36,
        37,
        38,
        39
    ],
    "travel_time": "uniform",
    "param_estimator": "maximum likelihood estimation"
}