{
    "alpha_range": [
        0.1,
        0.2,
        0.30000000000000004,
        0.4,
        0.5,
        0.6000000000000001,
        0.7000000000000001,
        0.8,
        0.9,
        1.0,
        1.1,
        1.2000000000000002,
        1.3,
        1.4000000000000001,
        1.5,
        1.6,
        1.7000000000000002,
        1.8,
        1.9000000000000001,
        2.0,
        2.1,
        2.2,
        2.3000000000000003,
        2.4000000000000004,
        2.5,
        2.6,
        2.7,
        2.8000000000000003,
        2.9000000000000004,
        3.0,
        3.1,
        3.2,
        3.3000000000000003,
        3.4000000000000004,
        3.5,
        3.6,
        3.7,
        3.8000000000000003,
        3.9000000000000004,
        4.0,
        4.1000000000000005,
        4.2,
        4.3,
        4.4,
        4.5,
        4.6000000000000005,
        4.7,
        4.800000000000001,
        4.9,
        5.0,
        5.1000000000000005,
        5.2,
        5.300000000000001,
        5.4,
        5.5,
        5.6000000000000005,
        5.7,
        5.800000000000001,
        5.9,
        6.0,
        6.1000000000000005,
        6.2,
        6.300000000000001,
        6.4,
        6.5,
        6.6000000000000005,
        6.7,
        6.800000000000001,
        6.9
    ],
    "beta_range": [
        0.5,
        0.6,
        0.7,
        0.7999999999999999,
        0.8999999999999999,
        0.9999999999999999,
        1.0999999999999999,
        1.1999999999999997,
        1.2999999999999998,
        1.4,
        1.4999999999999998,
        1.5999999999999996,
        1.6999999999999997,
        1.7999999999999998,
        1.8999999999999997,
        1.9999999999999996,
        2.0999999999999996,
        2.1999999999999997,
        2.3,
        2.3999999999999995,
        2.4999999999999996,
        2.5999999999999996,
        2.6999999999999993,
        2.7999999999999994,
        2.8999999999999995,
        2.9999999999999996,
        3.0999999999999996,
        3.1999999999999993,
        3.2999999999999994,
        3.3999999999999995,
        3.499999999999999,
        3.599999999999999,
        3.6999999999999993,
        3.7999999999999994,
        3.8999999999999995,
        3.999999999999999,
        4.1,
        4.199999999999999,
        4.299999999999999,
        4.3999999999999995,
        4.499999999999999,
        4.599999999999999,
        4.699999999999999,
        4.799999999999999,
        4.899999999999999
    ],
    "h_range": [
        0.5
    ],
    "c_range": [
        25
    ],
    "total": [
        10,
        11,
        12,
        13,
        14,
        15,
        16,
        17,
        18,
        19,
        20,
        21,
        22,
        23,
        24,
        25,
        26,
        27,
        28,
        29,
        30,
        31,
        32,
        33,
        34,
        35,
        36,
        37,
        38,
        39
    ],
    "travel_time": "uniform",
    "param_estimator": "maximum likelihood estimation"
}