{
    "alpha_range": [
        1.0,
        1.2,
        1.4,
        1.5999999999999999,
        1.7999999999999998,
        1.9999999999999998,
        2.1999999999999997,
        2.3999999999999995,
        2.5999999999999996,
        2.8,
        2.9999999999999996,
        3.1999999999999993,
        3.3999999999999995,
        3.5999999999999996,
        3.7999999999999994,
        3.999999999999999,
        4.199999999999999,
        4.3999999999999995,
        4.6,
        4.799999999999999,
        4.999999999999999,
        5.199999999999999,
        5.399999999999999,
        5.599999999999999,
        5.799999999999999,
        5.999999999999999,
        6.199999999999999,
        6.399999999999999,
        6.599999999999999,
        6.799999999999999
    ],
    "beta_range": [
        1.0,
        1.2,
        1.4,
        1.5999999999999999,
        1.7999999999999998,
        1.9999999999999998,
        2.1999999999999997,
        2.3999999999999995,
        2.5999999999999996,
        2.8,
        2.9999999999999996,
        3.1999999999999993,
        3.3999999999999995,
        3.5999999999999996,
        3.7999999999999994
    ],
    "h_range": [
        0.5
    ],
    "c_range": [
        25
    ],
    "total": [
        10,
        11,
        12,
        13,
        14,
        15,
        16,
        17,
        18,
        19,
        20,
        21,
        22,
        23,
        24,
        25,
        26,
        27,
        28,
        29,
        30,
        31,
        32,
        33,
        34,
        35,
        36,
        37,
        38,
        39
    ],
    "travel_time": "uniform",
    "param_estimator": "maximum likelihood estimation"
}