{
    "alpha_range": [
        1.3333333333333333,
        1.6666666666666665,
        2.0,
        2.333333333333333,
        2.666666666666667,
        3.0,
        3.3333333333333335,
        3.6666666666666665,
        4.0
    ],
    "beta_range": [
        1.0,
        1.5,
        2.0,
        2.5,
        3.0,
        3.5
    ],
    "h_range": [
        0.5
    ],
    "c_range": [
        25
    ],
    "total": [
        10,
        11,
        12,
        13,
        14,
        15,
        16,
        17,
        18,
        19,
        20,
        21,
        22,
        23,
        24,
        25,
        26,
        27,
        28,
        29,
        30,
        31,
        32,
        33,
        34,
        35,
        36,
        37,
        38,
        39
    ],
    "travel_time": "uniform",
    "param_estimator": "maximum likelihood estimation"
}